{
    "lh_palm": [],
    "lh_ffproximal": [
        [
            -0.00312828435562551,
            -0.00841568037867546,
            0.02499999850988388
        ],
        [
            -0.00312828435562551,
            -0.00841568037867546,
            0.019886037334799767
        ],
        [
            -0.00312828435562551,
            -0.00841568037867546,
            0.014772077091038227
        ],
        [
            -0.003335914807394147,
            -0.008341390639543533,
            0.030113957822322845
        ],
        [
            0.003335914807394147,
            -0.008341390639543533,
            0.030113957822322845
        ],
        [
            0.00312828435562551,
            -0.00841568037867546,
            0.02499999850988388
        ],
        [
            0.00312828435562551,
            -0.00841568037867546,
            0.019886037334799767
        ],
        [
            0.00312828435562551,
            -0.00841568037867546,
            0.014772077091038227
        ]
    ],
    "lh_ffdistal": [
        [
            -0.002960938960313797,
            -0.0031513869762420654,
            0.029938556253910065
        ],
        [
            -0.0031562447547912598,
            -0.004776298999786377,
            0.026436898857355118
        ],
        [
            -0.003736644983291626,
            -0.005919471383094788,
            0.021681617945432663
        ],
        [
            -0.003479309380054474,
            -0.007046177983283997,
            0.01517551764845848
        ],
        [
            0.002960938960313797,
            -0.0031513869762420654,
            0.029938556253910065
        ],
        [
            0.0031562447547912598,
            -0.004776298999786377,
            0.026436898857355118
        ],
        [
            0.003736644983291626,
            -0.005919471383094788,
            0.021681617945432663
        ],
        [
            0.003479309380054474,
            -0.007046177983283997,
            0.01517551764845848
        ]
    ],
    "lh_ffmiddle": [
        [
            -0.003335914807394147,
            -0.008341385051608086,
            0.022216878831386566
        ],
        [
            -0.0032320995815098286,
            -0.008378531783819199,
            0.0157389584928751
        ],
        [
            -0.0034397300332784653,
            -0.008304238319396973,
            0.009261039085686207
        ],
        [
            0.003335914807394147,
            -0.008341385051608086,
            0.022216878831386566
        ],
        [
            0.0032320995815098286,
            -0.008378531783819199,
            0.0157389584928751
        ],
        [
            0.0034397300332784653,
            -0.008304238319396973,
            0.009261039085686207
        ]
    ],
    "lh_mfproximal": [
        [
            -0.00312828435562551,
            -0.00841568037867546,
            0.02499999850988388
        ],
        [
            -0.00312828435562551,
            -0.00841568037867546,
            0.019886037334799767
        ],
        [
            -0.00312828435562551,
            -0.00841568037867546,
            0.014772077091038227
        ],
        [
            -0.003335914807394147,
            -0.008341390639543533,
            0.030113957822322845
        ],
        [
            0.003335914807394147,
            -0.008341390639543533,
            0.030113957822322845
        ],
        [
            0.00312828435562551,
            -0.00841568037867546,
            0.02499999850988388
        ],
        [
            0.00312828435562551,
            -0.00841568037867546,
            0.019886037334799767
        ],
        [
            0.00312828435562551,
            -0.00841568037867546,
            0.014772077091038227
        ]
    ],
    "lh_mfdistal": [
        [
            -0.002960938960313797,
            -0.0031513869762420654,
            0.029938556253910065
        ],
        [
            -0.0031562447547912598,
            -0.004776298999786377,
            0.026436898857355118
        ],
        [
            -0.003736644983291626,
            -0.005919471383094788,
            0.021681617945432663
        ],
        [
            -0.003479309380054474,
            -0.007046177983283997,
            0.01517551764845848
        ],
        [
            0.002960938960313797,
            -0.0031513869762420654,
            0.029938556253910065
        ],
        [
            0.0031562447547912598,
            -0.004776298999786377,
            0.026436898857355118
        ],
        [
            0.003736644983291626,
            -0.005919471383094788,
            0.021681617945432663
        ],
        [
            0.003479309380054474,
            -0.007046177983283997,
            0.01517551764845848
        ]
    ],
    "lh_mfmiddle": [
        [
            -0.003335914807394147,
            -0.008341385051608086,
            0.022216878831386566
        ],
        [
            -0.0032320995815098286,
            -0.008378531783819199,
            0.0157389584928751
        ],
        [
            -0.0034397300332784653,
            -0.008304238319396973,
            0.009261039085686207
        ],
        [
            0.003335914807394147,
            -0.008341385051608086,
            0.022216878831386566
        ],
        [
            0.0032320995815098286,
            -0.008378531783819199,
            0.0157389584928751
        ],
        [
            0.0034397300332784653,
            -0.008304238319396973,
            0.009261039085686207
        ]
    ],
    "lh_rfproximal": [
        [
            -0.00312828435562551,
            -0.00841568037867546,
            0.02499999850988388
        ],
        [
            -0.00312828435562551,
            -0.00841568037867546,
            0.019886037334799767
        ],
        [
            -0.00312828435562551,
            -0.00841568037867546,
            0.014772077091038227
        ],
        [
            -0.003335914807394147,
            -0.008341390639543533,
            0.030113957822322845
        ],
        [
            0.003335914807394147,
            -0.008341390639543533,
            0.030113957822322845
        ],
        [
            0.00312828435562551,
            -0.00841568037867546,
            0.02499999850988388
        ],
        [
            0.00312828435562551,
            -0.00841568037867546,
            0.019886037334799767
        ],
        [
            0.00312828435562551,
            -0.00841568037867546,
            0.014772077091038227
        ]
    ],
    "lh_rfdistal": [
        [
            -0.002960938960313797,
            -0.0031513869762420654,
            0.029938556253910065
        ],
        [
            -0.0031562447547912598,
            -0.004776298999786377,
            0.026436898857355118
        ],
        [
            -0.003736644983291626,
            -0.005919471383094788,
            0.021681617945432663
        ],
        [
            -0.003479309380054474,
            -0.007046177983283997,
            0.01517551764845848
        ],
        [
            0.002960938960313797,
            -0.0031513869762420654,
            0.029938556253910065
        ],
        [
            0.0031562447547912598,
            -0.004776298999786377,
            0.026436898857355118
        ],
        [
            0.003736644983291626,
            -0.005919471383094788,
            0.021681617945432663
        ],
        [
            0.003479309380054474,
            -0.007046177983283997,
            0.01517551764845848
        ]
    ],